epsilon,misclassified
0.05,0.10526315789473684
0.1,0.10526315789473684
