saturation level,misclassified
0.1,0.011940298507462687
0.2,0.011940298507462687
0.30000000000000004,0.010447761194029851
0.4,0.008955223880597015
0.5,0.007462686567164179
